{
    "room_dim_batch": [
        [
            [
                5.900000095367432,
                6.900000095367432,
                2.9000000953674316
            ],
            [
                5.900000095367432,
                6.900000095367432,
                2.9000000953674316
            ]
        ]
    ],
    "mic_posi_batch": [
        [
            [
                2.0,
                2.5,
                1.0
            ],
            [
                2.0,
                2.5,
                1.0
            ]
        ]
    ],
    "to_wall_batch": [
        [
            [
                [
                    2.0,
                    2.5,
                    1.0
                ],
                [
                    3.9000000953674316,
                    4.400000095367432,
                    1.899999976158142
                ]
            ],
            [
                [
                    2.0,
                    2.5,
                    1.0
                ],
                [
                    3.9000000953674316,
                    4.400000095367432,
                    1.899999976158142
                ]
            ]
        ]
    ],
    "rts_batch": [
        [
            0.6000000238418579,
            0.6000000238418579
        ]
    ],
    "used_RIR_info": [
        [
            {
                "position_index": 24,
                "rever_path": "/mnt/work/dataset/collectedRIR/W504_02/mic01_03/newrir5/RIR7.wav",
                "room_dim": [
                    5.9,
                    6.9,
                    2.9
                ],
                "source_posi": [
                    2.0,
                    3.5,
                    0.9
                ],
                "mic_posi": [
                    2.0,
                    2.5,
                    1.0
                ],
                "dis_to_mic_2D": 1.0,
                "dis_to_mic_3D": 1.005,
                "rt60": 0.6
            },
            {
                "position_index": 86,
                "rever_path": "/mnt/work/dataset/collectedRIR/W504_02/mic01_09/newrir9/RIR7.wav",
                "room_dim": [
                    5.9,
                    6.9,
                    2.9
                ],
                "source_posi": [
                    4.0,
                    0.5,
                    0.9
                ],
                "mic_posi": [
                    2.0,
                    2.5,
                    1.0
                ],
                "dis_to_mic_2D": 2.828,
                "dis_to_mic_3D": 2.83,
                "rt60": 0.6
            }
        ]
    ]
}