{
    "room_dim_batch": [
        [
            [
                5.659999847412109,
                9.973999977111816,
                2.7639999389648438
            ],
            [
                5.659999847412109,
                9.973999977111816,
                2.7639999389648438
            ]
        ]
    ],
    "mic_posi_batch": [
        [
            [
                4.670000076293945,
                3.2869999408721924,
                1.2000000476837158
            ],
            [
                4.670000076293945,
                3.2869999408721924,
                1.2000000476837158
            ]
        ]
    ],
    "to_wall_batch": [
        [
            [
                [
                    4.670000076293945,
                    3.2869999408721924,
                    1.2000000476837158
                ],
                [
                    0.9900000095367432,
                    6.686999797821045,
                    1.5640000104904175
                ]
            ],
            [
                [
                    4.670000076293945,
                    3.2869999408721924,
                    1.2000000476837158
                ],
                [
                    0.9900000095367432,
                    6.686999797821045,
                    1.5640000104904175
                ]
            ]
        ]
    ],
    "rts_batch": [
        [
            0.29100000858306885,
            0.29100000858306885
        ]
    ],
    "used_RIR_info": [
        [
            {
                "room_index": 255,
                "mic_index": 0,
                "name": "room255_RT_0.291_mic_1per_50dis_10_mic00000_mici00000_00020_00001.wav",
                "rever_path": "/mnt/work/dataset/preprocessed/RIR_1000room_1mic_50/data/room255_RT_0.291_mic_1per_50dis_10_mic00000_mici00000_00020_00001.wav",
                "room_dim": [
                    5.66,
                    9.974,
                    2.764
                ],
                "rir_len": 18735,
                "sample rate": 16000,
                "rt60": 0.291,
                "e_absorption": 0.43340113783784084,
                "max_order": 40,
                "source_posi": [
                    4.648,
                    4.221,
                    1.393
                ],
                "mic_posi": [
                    4.67,
                    3.287,
                    1.2
                ],
                "dis_to_mic_3D": 0.954,
                "dis_to_mic_2D": 0.934,
                "dis_low_bound": 0.5,
                "dis_high_bound": 1.0,
                "mic_min_dis": 0.4900000000000002,
                "mic_max_dis": 7.461
            },
            {
                "room_index": 255,
                "mic_index": 0,
                "name": "room255_RT_0.291_mic_1per_50dis_10_mic00000_mici00000_00031_00008.wav",
                "rever_path": "/mnt/work/dataset/preprocessed/RIR_1000room_1mic_50/data/room255_RT_0.291_mic_1per_50dis_10_mic00000_mici00000_00031_00008.wav",
                "room_dim": [
                    5.66,
                    9.974,
                    2.764
                ],
                "rir_len": 18729,
                "sample rate": 16000,
                "rt60": 0.291,
                "e_absorption": 0.43340113783784084,
                "max_order": 40,
                "source_posi": [
                    0.642,
                    2.503,
                    1.276
                ],
                "mic_posi": [
                    4.67,
                    3.287,
                    1.2
                ],
                "dis_to_mic_3D": 4.104,
                "dis_to_mic_2D": 4.104,
                "dis_low_bound": 4.0,
                "dis_high_bound": 4.5,
                "mic_min_dis": 0.4900000000000002,
                "mic_max_dis": 7.461
            }
        ]
    ]
}