{
    "room_dim_batch": [
        [
            [
                6.372000217437744,
                6.456999778747559,
                2.986999988555908
            ],
            [
                6.372000217437744,
                6.456999778747559,
                2.986999988555908
            ]
        ]
    ],
    "mic_posi_batch": [
        [
            [
                3.1110000610351562,
                4.894000053405762,
                1.2000000476837158
            ],
            [
                3.1110000610351562,
                4.894000053405762,
                1.2000000476837158
            ]
        ]
    ],
    "to_wall_batch": [
        [
            [
                [
                    3.1110000610351562,
                    4.894000053405762,
                    1.2000000476837158
                ],
                [
                    3.260999917984009,
                    1.562999963760376,
                    1.7869999408721924
                ]
            ],
            [
                [
                    3.1110000610351562,
                    4.894000053405762,
                    1.2000000476837158
                ],
                [
                    3.260999917984009,
                    1.562999963760376,
                    1.7869999408721924
                ]
            ]
        ]
    ],
    "rts_batch": [
        [
            0.3440000116825104,
            0.3440000116825104
        ]
    ],
    "used_RIR_info": [
        [
            {
                "room_index": 454,
                "mic_index": 0,
                "name": "room454_RT_0.344_mic_1per_50dis_10_mic00000_mici00000_00041_00008.wav",
                "rever_path": "/mnt/work/dataset/preprocessed/RIR_1000room_1mic_50/data/room454_RT_0.344_mic_1per_50dis_10_mic00000_mici00000_00041_00008.wav",
                "room_dim": [
                    6.372,
                    6.457,
                    2.987
                ],
                "rir_len": 13058,
                "sample rate": 16000,
                "rt60": 0.344,
                "e_absorption": 0.3621716779327506,
                "max_order": 43,
                "source_posi": [
                    1.638,
                    1.036,
                    1.879
                ],
                "mic_posi": [
                    3.111,
                    4.894,
                    1.2
                ],
                "dis_to_mic_3D": 4.185,
                "dis_to_mic_2D": 4.13,
                "dis_low_bound": 4.0,
                "dis_high_bound": 4.5,
                "mic_min_dis": 1.0629999999999997,
                "mic_max_dis": 5.189
            },
            {
                "room_index": 454,
                "mic_index": 0,
                "name": "room454_RT_0.344_mic_1per_50dis_10_mic00000_mici00000_00025_00009.wav",
                "rever_path": "/mnt/work/dataset/preprocessed/RIR_1000room_1mic_50/data/room454_RT_0.344_mic_1per_50dis_10_mic00000_mici00000_00025_00009.wav",
                "room_dim": [
                    6.372,
                    6.457,
                    2.987
                ],
                "rir_len": 13065,
                "sample rate": 16000,
                "rt60": 0.344,
                "e_absorption": 0.3621716779327506,
                "max_order": 43,
                "source_posi": [
                    5.515,
                    0.881,
                    1.705
                ],
                "mic_posi": [
                    3.111,
                    4.894,
                    1.2
                ],
                "dis_to_mic_3D": 4.705,
                "dis_to_mic_2D": 4.678,
                "dis_low_bound": 4.5,
                "dis_high_bound": 5.0,
                "mic_min_dis": 1.0629999999999997,
                "mic_max_dis": 5.189
            }
        ]
    ]
}